1;Nombre 1
2;Nombre 2
3;Nombre 3
4;Nombre 4
5;Nombre 5
6;Nombre 6
7;Nombre 7
8;Nombre 8
9;Nombre 9
10;Nombre 10
11;Nombre 11
12;Nombre 12
13;Nombre 13
14;Nombre 14
15;Nombre 15
16;Nombre 16
17;Nombre 17
18;Nombre 18
19;Nombre 19
20;Nombre 20
21;Nombre 21
22;Nombre 22
23;Nombre 23
24;Nombre 24
25;Nombre 25
26;Nombre 26
27;Nombre 27
28;Nombre 28
29;Nombre 29
30;Nombre 30
31;Nombre 31
32;Nombre 32
33;Nombre 33
34;Nombre 34
35;Nombre 35
36;Nombre 36
37;Nombre 37
38;Nombre 38
39;Nombre 39
40;Nombre 40
41;Nombre 41
42;Nombre 42
43;Nombre 43
44;Nombre 44
45;Nombre 45
46;Nombre 46
47;Nombre 47
48;Nombre 48
49;Nombre 49
50;Nombre 50
51;Nombre 51
52;Nombre 52
53;Nombre 53
54;Nombre 54
55;Nombre 55
56;Nombre 56
57;Nombre 57
58;Nombre 58
59;Nombre 59
60;Nombre 60
61;Nombre 61
62;Nombre 62
63;Nombre 63
64;Nombre 64
65;Nombre 65
66;Nombre 66
67;Nombre 67
68;Nombre 68
69;Nombre 69
70;Nombre 70
71;Nombre 71
72;Nombre 72
73;Nombre 73
74;Nombre 74
75;Nombre 75
76;Nombre 76
77;Nombre 77
78;Nombre 78
79;Nombre 79
80;Nombre 80
81;Nombre 81
82;Nombre 82
83;Nombre 83
84;Nombre 84
85;Nombre 85
86;Nombre 86
87;Nombre 87
88;Nombre 88
89;Nombre 89
90;Nombre 90
91;Nombre 91
92;Nombre 92
93;Nombre 93
94;Nombre 94
95;Nombre 95
96;Nombre 96
97;Nombre 97
98;Nombre 98
99;Nombre 99
100;Nombre 100
101;Nombre 101
102;Nombre 102
103;Nombre 103
104;Nombre 104
105;Nombre 105
106;Nombre 106
107;Nombre 107
108;Nombre 108
109;Nombre 109
110;Nombre 110
111;Nombre 111
112;Nombre 112
113;Nombre 113
114;Nombre 114
115;Nombre 115
116;Nombre 116
117;Nombre 117
118;Nombre 118
119;Nombre 119
120;Nombre 120
121;Nombre 121
122;Nombre 122
123;Nombre 123
124;Nombre 124
125;Nombre 125
126;Nombre 126
127;Nombre 127
128;Nombre 128
129;Nombre 129
130;Nombre 130
131;Nombre 131
132;Nombre 132
133;Nombre 133
134;Nombre 134
135;Nombre 135
136;Nombre 136
137;Nombre 137
138;Nombre 138
139;Nombre 139
140;Nombre 140
141;Nombre 141
142;Nombre 142
143;Nombre 143
144;Nombre 144
145;Nombre 145
146;Nombre 146
147;Nombre 147
148;Nombre 148
149;Nombre 149
150;Nombre 150
151;Nombre 151
152;Nombre 152
153;Nombre 153
154;Nombre 154
155;Nombre 155
156;Nombre 156
157;Nombre 157
158;Nombre 158
159;Nombre 159
160;Nombre 160
161;Nombre 161
162;Nombre 162
163;Nombre 163
164;Nombre 164
165;Nombre 165
166;Nombre 166
167;Nombre 167
168;Nombre 168
169;Nombre 169
170;Nombre 170
171;Nombre 171
172;Nombre 172
173;Nombre 173
174;Nombre 174
175;Nombre 175
176;Nombre 176
177;Nombre 177
178;Nombre 178
179;Nombre 179
180;Nombre 180
181;Nombre 181
182;Nombre 182
183;Nombre 183
184;Nombre 184
185;Nombre 185
186;Nombre 186
187;Nombre 187
188;Nombre 188
189;Nombre 189
190;Nombre 190
191;Nombre 191
192;Nombre 192
193;Nombre 193
194;Nombre 194
195;Nombre 195
196;Nombre 196
197;Nombre 197
198;Nombre 198
199;Nombre 199
200;Nombre 200
201;Nombre 201
202;Nombre 202
203;Nombre 203
204;Nombre 204
205;Nombre 205
206;Nombre 206
207;Nombre 207
208;Nombre 208
209;Nombre 209
210;Nombre 210
211;Nombre 211
212;Nombre 212
213;Nombre 213
214;Nombre 214
215;Nombre 215
216;Nombre 216
217;Nombre 217
218;Nombre 218
219;Nombre 219
220;Nombre 220
221;Nombre 221
222;Nombre 222
223;Nombre 223
224;Nombre 224
225;Nombre 225
226;Nombre 226
227;Nombre 227
228;Nombre 228
229;Nombre 229
230;Nombre 230
231;Nombre 231
232;Nombre 232
233;Nombre 233
234;Nombre 234
235;Nombre 235
236;Nombre 236
237;Nombre 237
238;Nombre 238
239;Nombre 239
240;Nombre 240
241;Nombre 241
242;Nombre 242
243;Nombre 243
244;Nombre 244
245;Nombre 245
246;Nombre 246
247;Nombre 247
248;Nombre 248
249;Nombre 249
250;Nombre 250
251;Nombre 251
252;Nombre 252
253;Nombre 253
254;Nombre 254
255;Nombre 255
256;Nombre 256
257;Nombre 257
258;Nombre 258
259;Nombre 259
260;Nombre 260
261;Nombre 261
262;Nombre 262
263;Nombre 263
264;Nombre 264
265;Nombre 265
266;Nombre 266
267;Nombre 267
268;Nombre 268
269;Nombre 269
270;Nombre 270
271;Nombre 271
272;Nombre 272
273;Nombre 273
274;Nombre 274
275;Nombre 275
276;Nombre 276
277;Nombre 277
278;Nombre 278
279;Nombre 279
280;Nombre 280
281;Nombre 281
282;Nombre 282
283;Nombre 283
284;Nombre 284
285;Nombre 285
286;Nombre 286
287;Nombre 287
288;Nombre 288
289;Nombre 289
290;Nombre 290
291;Nombre 291
292;Nombre 292
293;Nombre 293
294;Nombre 294
295;Nombre 295
296;Nombre 296
297;Nombre 297
298;Nombre 298
299;Nombre 299
300;Nombre 300
301;Nombre 301
302;Nombre 302
303;Nombre 303
304;Nombre 304
305;Nombre 305
306;Nombre 306
307;Nombre 307
308;Nombre 308
309;Nombre 309
310;Nombre 310
311;Nombre 311
312;Nombre 312
313;Nombre 313
314;Nombre 314
315;Nombre 315
316;Nombre 316
317;Nombre 317
318;Nombre 318
319;Nombre 319
320;Nombre 320
321;Nombre 321
322;Nombre 322
323;Nombre 323
324;Nombre 324
325;Nombre 325
326;Nombre 326
327;Nombre 327
328;Nombre 328
329;Nombre 329
330;Nombre 330
331;Nombre 331
332;Nombre 332
333;Nombre 333
334;Nombre 334
335;Nombre 335
336;Nombre 336
337;Nombre 337
338;Nombre 338
339;Nombre 339
340;Nombre 340
341;Nombre 341
342;Nombre 342
343;Nombre 343
344;Nombre 344
345;Nombre 345
346;Nombre 346
347;Nombre 347
348;Nombre 348
349;Nombre 349
350;Nombre 350
351;Nombre 351
352;Nombre 352
353;Nombre 353
354;Nombre 354
355;Nombre 355
356;Nombre 356
357;Nombre 357
358;Nombre 358
359;Nombre 359
360;Nombre 360
361;Nombre 361
362;Nombre 362
363;Nombre 363
364;Nombre 364
365;Nombre 365
366;Nombre 366
367;Nombre 367
368;Nombre 368
369;Nombre 369
370;Nombre 370
371;Nombre 371
372;Nombre 372
373;Nombre 373
374;Nombre 374
375;Nombre 375
376;Nombre 376
377;Nombre 377
378;Nombre 378
379;Nombre 379
380;Nombre 380
381;Nombre 381
382;Nombre 382
383;Nombre 383
384;Nombre 384
385;Nombre 385
386;Nombre 386
387;Nombre 387
388;Nombre 388
389;Nombre 389
390;Nombre 390
391;Nombre 391
392;Nombre 392
393;Nombre 393
394;Nombre 394
395;Nombre 395
396;Nombre 396
397;Nombre 397
398;Nombre 398
399;Nombre 399
400;Nombre 400
401;Nombre 401
402;Nombre 402
403;Nombre 403
404;Nombre 404
405;Nombre 405
406;Nombre 406
407;Nombre 407
408;Nombre 408
409;Nombre 409
410;Nombre 410
411;Nombre 411
412;Nombre 412
413;Nombre 413
414;Nombre 414
415;Nombre 415
416;Nombre 416
417;Nombre 417
418;Nombre 418
419;Nombre 419
420;Nombre 420
421;Nombre 421
422;Nombre 422
423;Nombre 423
424;Nombre 424
425;Nombre 425
426;Nombre 426
427;Nombre 427
428;Nombre 428
429;Nombre 429
430;Nombre 430
431;Nombre 431
432;Nombre 432
433;Nombre 433
434;Nombre 434
435;Nombre 435
436;Nombre 436
437;Nombre 437
438;Nombre 438
439;Nombre 439
440;Nombre 440
441;Nombre 441
442;Nombre 442
443;Nombre 443
444;Nombre 444
445;Nombre 445
446;Nombre 446
447;Nombre 447
448;Nombre 448
449;Nombre 449
450;Nombre 450
451;Nombre 451
452;Nombre 452
453;Nombre 453
454;Nombre 454
455;Nombre 455
456;Nombre 456
457;Nombre 457
458;Nombre 458
459;Nombre 459
460;Nombre 460
461;Nombre 461
462;Nombre 462
463;Nombre 463
464;Nombre 464
465;Nombre 465
466;Nombre 466
467;Nombre 467
468;Nombre 468
469;Nombre 469
470;Nombre 470
471;Nombre 471
472;Nombre 472
473;Nombre 473
474;Nombre 474
475;Nombre 475
476;Nombre 476
477;Nombre 477
478;Nombre 478
479;Nombre 479
480;Nombre 480
481;Nombre 481
482;Nombre 482
483;Nombre 483
484;Nombre 484
485;Nombre 485
486;Nombre 486
487;Nombre 487
488;Nombre 488
489;Nombre 489
490;Nombre 490
491;Nombre 491
492;Nombre 492
493;Nombre 493
494;Nombre 494
495;Nombre 495
496;Nombre 496
497;Nombre 497
498;Nombre 498
499;Nombre 499
500;Nombre 500
501;Nombre 501
502;Nombre 502
503;Nombre 503
504;Nombre 504
505;Nombre 505
506;Nombre 506
507;Nombre 507
508;Nombre 508
509;Nombre 509
510;Nombre 510
511;Nombre 511
512;Nombre 512
513;Nombre 513
514;Nombre 514
515;Nombre 515
516;Nombre 516
517;Nombre 517
518;Nombre 518
519;Nombre 519
520;Nombre 520
521;Nombre 521
522;Nombre 522
523;Nombre 523
524;Nombre 524
525;Nombre 525
526;Nombre 526
527;Nombre 527
528;Nombre 528
529;Nombre 529
530;Nombre 530
531;Nombre 531
532;Nombre 532
533;Nombre 533
534;Nombre 534
535;Nombre 535
536;Nombre 536
537;Nombre 537
538;Nombre 538
539;Nombre 539
540;Nombre 540
541;Nombre 541
542;Nombre 542
543;Nombre 543
544;Nombre 544
545;Nombre 545
546;Nombre 546
547;Nombre 547
548;Nombre 548
549;Nombre 549
550;Nombre 550
551;Nombre 551
552;Nombre 552
553;Nombre 553
554;Nombre 554
555;Nombre 555
556;Nombre 556
557;Nombre 557
558;Nombre 558
559;Nombre 559
560;Nombre 560
561;Nombre 561
562;Nombre 562
563;Nombre 563
564;Nombre 564
565;Nombre 565
566;Nombre 566
567;Nombre 567
568;Nombre 568
569;Nombre 569
570;Nombre 570
571;Nombre 571
572;Nombre 572
573;Nombre 573
574;Nombre 574
575;Nombre 575
576;Nombre 576
577;Nombre 577
578;Nombre 578
579;Nombre 579
580;Nombre 580
581;Nombre 581
582;Nombre 582
583;Nombre 583
584;Nombre 584
585;Nombre 585
586;Nombre 586
587;Nombre 587
588;Nombre 588
589;Nombre 589
590;Nombre 590
591;Nombre 591
592;Nombre 592
593;Nombre 593
594;Nombre 594
595;Nombre 595
596;Nombre 596
597;Nombre 597
598;Nombre 598
599;Nombre 599
600;Nombre 600
601;Nombre 601
602;Nombre 602
603;Nombre 603
604;Nombre 604
605;Nombre 605
606;Nombre 606
607;Nombre 607
608;Nombre 608
609;Nombre 609
610;Nombre 610
611;Nombre 611
612;Nombre 612
613;Nombre 613
614;Nombre 614
615;Nombre 615
616;Nombre 616
617;Nombre 617
618;Nombre 618
619;Nombre 619
620;Nombre 620
621;Nombre 621
622;Nombre 622
623;Nombre 623
624;Nombre 624
625;Nombre 625
626;Nombre 626
627;Nombre 627
628;Nombre 628
629;Nombre 629
630;Nombre 630
631;Nombre 631
632;Nombre 632
633;Nombre 633
634;Nombre 634
635;Nombre 635
636;Nombre 636
637;Nombre 637
638;Nombre 638
639;Nombre 639
640;Nombre 640
641;Nombre 641
642;Nombre 642
643;Nombre 643
644;Nombre 644
645;Nombre 645
646;Nombre 646
647;Nombre 647
648;Nombre 648
649;Nombre 649
650;Nombre 650
651;Nombre 651
652;Nombre 652
653;Nombre 653
654;Nombre 654
655;Nombre 655
656;Nombre 656
657;Nombre 657
658;Nombre 658
659;Nombre 659
660;Nombre 660
661;Nombre 661
662;Nombre 662
663;Nombre 663
664;Nombre 664
665;Nombre 665
666;Nombre 666
667;Nombre 667
668;Nombre 668
669;Nombre 669
670;Nombre 670
671;Nombre 671
672;Nombre 672
673;Nombre 673
674;Nombre 674
675;Nombre 675
676;Nombre 676
677;Nombre 677
678;Nombre 678
679;Nombre 679
680;Nombre 680
681;Nombre 681
682;Nombre 682
683;Nombre 683
684;Nombre 684
685;Nombre 685
686;Nombre 686
687;Nombre 687
688;Nombre 688
689;Nombre 689
690;Nombre 690
691;Nombre 691
692;Nombre 692
693;Nombre 693
694;Nombre 694
695;Nombre 695
696;Nombre 696
697;Nombre 697
698;Nombre 698
699;Nombre 699
700;Nombre 700
701;Nombre 701
702;Nombre 702
703;Nombre 703
704;Nombre 704
705;Nombre 705
706;Nombre 706
707;Nombre 707
708;Nombre 708
709;Nombre 709
710;Nombre 710
711;Nombre 711
712;Nombre 712
713;Nombre 713
714;Nombre 714
715;Nombre 715
716;Nombre 716
717;Nombre 717
718;Nombre 718
719;Nombre 719
720;Nombre 720
721;Nombre 721
722;Nombre 722
723;Nombre 723
724;Nombre 724
725;Nombre 725
726;Nombre 726
727;Nombre 727
728;Nombre 728
729;Nombre 729
730;Nombre 730
731;Nombre 731
732;Nombre 732
733;Nombre 733
734;Nombre 734
735;Nombre 735
736;Nombre 736
737;Nombre 737
738;Nombre 738
739;Nombre 739
740;Nombre 740
741;Nombre 741
742;Nombre 742
743;Nombre 743
744;Nombre 744
745;Nombre 745
746;Nombre 746
747;Nombre 747
748;Nombre 748
749;Nombre 749
750;Nombre 750
751;Nombre 751
752;Nombre 752
753;Nombre 753
754;Nombre 754
755;Nombre 755
756;Nombre 756
757;Nombre 757
758;Nombre 758
759;Nombre 759
760;Nombre 760
761;Nombre 761
762;Nombre 762
763;Nombre 763
764;Nombre 764
765;Nombre 765
766;Nombre 766
767;Nombre 767
768;Nombre 768
769;Nombre 769
770;Nombre 770
771;Nombre 771
772;Nombre 772
773;Nombre 773
774;Nombre 774
775;Nombre 775
776;Nombre 776
777;Nombre 777
778;Nombre 778
779;Nombre 779
780;Nombre 780
781;Nombre 781
782;Nombre 782
783;Nombre 783
784;Nombre 784
785;Nombre 785
786;Nombre 786
787;Nombre 787
788;Nombre 788
789;Nombre 789
790;Nombre 790
791;Nombre 791
792;Nombre 792
793;Nombre 793
794;Nombre 794
795;Nombre 795
796;Nombre 796
797;Nombre 797
798;Nombre 798
799;Nombre 799
800;Nombre 800
801;Nombre 801
802;Nombre 802
803;Nombre 803
804;Nombre 804
805;Nombre 805
806;Nombre 806
807;Nombre 807
808;Nombre 808
809;Nombre 809
810;Nombre 810
811;Nombre 811
812;Nombre 812
813;Nombre 813
814;Nombre 814
815;Nombre 815
816;Nombre 816
817;Nombre 817
818;Nombre 818
819;Nombre 819
820;Nombre 820
821;Nombre 821
822;Nombre 822
823;Nombre 823
824;Nombre 824
825;Nombre 825
826;Nombre 826
827;Nombre 827
828;Nombre 828
829;Nombre 829
830;Nombre 830
831;Nombre 831
832;Nombre 832
833;Nombre 833
834;Nombre 834
835;Nombre 835
836;Nombre 836
837;Nombre 837
838;Nombre 838
839;Nombre 839
840;Nombre 840
841;Nombre 841
842;Nombre 842
843;Nombre 843
844;Nombre 844
845;Nombre 845
846;Nombre 846
847;Nombre 847
848;Nombre 848
849;Nombre 849
850;Nombre 850
851;Nombre 851
852;Nombre 852
853;Nombre 853
854;Nombre 854
855;Nombre 855
856;Nombre 856
857;Nombre 857
858;Nombre 858
859;Nombre 859
860;Nombre 860
861;Nombre 861
862;Nombre 862
863;Nombre 863
864;Nombre 864
865;Nombre 865
866;Nombre 866
867;Nombre 867
868;Nombre 868
869;Nombre 869
870;Nombre 870
871;Nombre 871
872;Nombre 872
873;Nombre 873
874;Nombre 874
875;Nombre 875
876;Nombre 876
877;Nombre 877
878;Nombre 878
879;Nombre 879
880;Nombre 880
881;Nombre 881
882;Nombre 882
883;Nombre 883
884;Nombre 884
885;Nombre 885
886;Nombre 886
887;Nombre 887
888;Nombre 888
889;Nombre 889
890;Nombre 890
891;Nombre 891
892;Nombre 892
893;Nombre 893
894;Nombre 894
895;Nombre 895
896;Nombre 896
897;Nombre 897
898;Nombre 898
899;Nombre 899
900;Nombre 900
901;Nombre 901
902;Nombre 902
903;Nombre 903
904;Nombre 904
905;Nombre 905
906;Nombre 906
907;Nombre 907
908;Nombre 908
909;Nombre 909
910;Nombre 910
911;Nombre 911
912;Nombre 912
913;Nombre 913
914;Nombre 914
915;Nombre 915
916;Nombre 916
917;Nombre 917
918;Nombre 918
919;Nombre 919
920;Nombre 920
921;Nombre 921
922;Nombre 922
923;Nombre 923
924;Nombre 924
925;Nombre 925
926;Nombre 926
927;Nombre 927
928;Nombre 928
929;Nombre 929
930;Nombre 930
931;Nombre 931
932;Nombre 932
933;Nombre 933
934;Nombre 934
935;Nombre 935
936;Nombre 936
937;Nombre 937
938;Nombre 938
939;Nombre 939
940;Nombre 940
941;Nombre 941
942;Nombre 942
943;Nombre 943
944;Nombre 944
945;Nombre 945
946;Nombre 946
947;Nombre 947
948;Nombre 948
949;Nombre 949
950;Nombre 950
951;Nombre 951
952;Nombre 952
953;Nombre 953
954;Nombre 954
955;Nombre 955
956;Nombre 956
957;Nombre 957
958;Nombre 958
959;Nombre 959
960;Nombre 960
961;Nombre 961
962;Nombre 962
963;Nombre 963
964;Nombre 964
965;Nombre 965
966;Nombre 966
967;Nombre 967
968;Nombre 968
969;Nombre 969
970;Nombre 970
971;Nombre 971
972;Nombre 972
973;Nombre 973
974;Nombre 974
975;Nombre 975
976;Nombre 976
977;Nombre 977
978;Nombre 978
979;Nombre 979
980;Nombre 980
981;Nombre 981
982;Nombre 982
983;Nombre 983
984;Nombre 984
985;Nombre 985
986;Nombre 986
987;Nombre 987
988;Nombre 988
989;Nombre 989
990;Nombre 990
991;Nombre 991
992;Nombre 992
993;Nombre 993
994;Nombre 994
995;Nombre 995
996;Nombre 996
997;Nombre 997
998;Nombre 998
999;Nombre 999
1000;Nombre 1000
1001;Nombre 1001
1002;Nombre 1002
1003;Nombre 1003
1004;Nombre 1004
1005;Nombre 1005
1006;Nombre 1006
1007;Nombre 1007
1008;Nombre 1008
1009;Nombre 1009
1010;Nombre 1010
1011;Nombre 1011
1012;Nombre 1012
1013;Nombre 1013
1014;Nombre 1014
1015;Nombre 1015
1016;Nombre 1016
1017;Nombre 1017
1018;Nombre 1018
1019;Nombre 1019
1020;Nombre 1020
1021;Nombre 1021
1022;Nombre 1022
1023;Nombre 1023
1024;Nombre 1024
1025;Nombre 1025
1026;Nombre 1026
1027;Nombre 1027
1028;Nombre 1028
1029;Nombre 1029
1030;Nombre 1030
1031;Nombre 1031
1032;Nombre 1032
1033;Nombre 1033
1034;Nombre 1034
1035;Nombre 1035
1036;Nombre 1036
1037;Nombre 1037
1038;Nombre 1038
1039;Nombre 1039
1040;Nombre 1040
1041;Nombre 1041
1042;Nombre 1042
1043;Nombre 1043
1044;Nombre 1044
1045;Nombre 1045
1046;Nombre 1046
1047;Nombre 1047
1048;Nombre 1048
1049;Nombre 1049
1050;Nombre 1050
1051;Nombre 1051
1052;Nombre 1052
1053;Nombre 1053
1054;Nombre 1054
1055;Nombre 1055
1056;Nombre 1056
1057;Nombre 1057
1058;Nombre 1058
1059;Nombre 1059
1060;Nombre 1060
1061;Nombre 1061
1062;Nombre 1062
1063;Nombre 1063
1064;Nombre 1064
1065;Nombre 1065
1066;Nombre 1066
1067;Nombre 1067
1068;Nombre 1068
1069;Nombre 1069
1070;Nombre 1070
1071;Nombre 1071
1072;Nombre 1072
1073;Nombre 1073
1074;Nombre 1074
1075;Nombre 1075
1076;Nombre 1076
1077;Nombre 1077
1078;Nombre 1078
1079;Nombre 1079
1080;Nombre 1080
1081;Nombre 1081
1082;Nombre 1082
1083;Nombre 1083
1084;Nombre 1084
1085;Nombre 1085
1086;Nombre 1086
1087;Nombre 1087
1088;Nombre 1088
1089;Nombre 1089
1090;Nombre 1090
1091;Nombre 1091
1092;Nombre 1092
1093;Nombre 1093
1094;Nombre 1094
1095;Nombre 1095
1096;Nombre 1096
1097;Nombre 1097
1098;Nombre 1098
1099;Nombre 1099
1100;Nombre 1100
1101;Nombre 1101
1102;Nombre 1102
1103;Nombre 1103
1104;Nombre 1104
1105;Nombre 1105
1106;Nombre 1106
1107;Nombre 1107
1108;Nombre 1108
1109;Nombre 1109
1110;Nombre 1110
1111;Nombre 1111
1112;Nombre 1112
1113;Nombre 1113
1114;Nombre 1114
1115;Nombre 1115
1116;Nombre 1116
1117;Nombre 1117
1118;Nombre 1118
1119;Nombre 1119
1120;Nombre 1120
1121;Nombre 1121
1122;Nombre 1122
1123;Nombre 1123
1124;Nombre 1124
1125;Nombre 1125
1126;Nombre 1126
1127;Nombre 1127
1128;Nombre 1128
1129;Nombre 1129
1130;Nombre 1130
1131;Nombre 1131
1132;Nombre 1132
1133;Nombre 1133
1134;Nombre 1134
1135;Nombre 1135
1136;Nombre 1136
1137;Nombre 1137
1138;Nombre 1138
1139;Nombre 1139
1140;Nombre 1140
1141;Nombre 1141
1142;Nombre 1142
1143;Nombre 1143
1144;Nombre 1144
1145;Nombre 1145
1146;Nombre 1146
1147;Nombre 1147
1148;Nombre 1148
1149;Nombre 1149
1150;Nombre 1150
1151;Nombre 1151
1152;Nombre 1152
1153;Nombre 1153
1154;Nombre 1154
1155;Nombre 1155
1156;Nombre 1156
1157;Nombre 1157
1158;Nombre 1158
1159;Nombre 1159
1160;Nombre 1160
1161;Nombre 1161
1162;Nombre 1162
1163;Nombre 1163
1164;Nombre 1164
1165;Nombre 1165
1166;Nombre 1166
1167;Nombre 1167
1168;Nombre 1168
1169;Nombre 1169
1170;Nombre 1170
1171;Nombre 1171
1172;Nombre 1172
1173;Nombre 1173
1174;Nombre 1174
1175;Nombre 1175
1176;Nombre 1176
1177;Nombre 1177
1178;Nombre 1178
1179;Nombre 1179
1180;Nombre 1180
1181;Nombre 1181
1182;Nombre 1182
1183;Nombre 1183
1184;Nombre 1184
1185;Nombre 1185
1186;Nombre 1186
1187;Nombre 1187
1188;Nombre 1188
1189;Nombre 1189
1190;Nombre 1190
1191;Nombre 1191
1192;Nombre 1192
1193;Nombre 1193
1194;Nombre 1194
1195;Nombre 1195
1196;Nombre 1196
1197;Nombre 1197
1198;Nombre 1198
1199;Nombre 1199
1200;Nombre 1200
1201;Nombre 1201
1202;Nombre 1202
1203;Nombre 1203
1204;Nombre 1204
1205;Nombre 1205
1206;Nombre 1206
1207;Nombre 1207
1208;Nombre 1208
1209;Nombre 1209
1210;Nombre 1210
1211;Nombre 1211
1212;Nombre 1212
1213;Nombre 1213
1214;Nombre 1214
1215;Nombre 1215
1216;Nombre 1216
1217;Nombre 1217
1218;Nombre 1218
1219;Nombre 1219
1220;Nombre 1220
1221;Nombre 1221
1222;Nombre 1222
1223;Nombre 1223
1224;Nombre 1224
1225;Nombre 1225
1226;Nombre 1226
1227;Nombre 1227
1228;Nombre 1228
1229;Nombre 1229
1230;Nombre 1230
1231;Nombre 1231
1232;Nombre 1232
1233;Nombre 1233
1234;Nombre 1234
1235;Nombre 1235
1236;Nombre 1236
1237;Nombre 1237
1238;Nombre 1238
1239;Nombre 1239
1240;Nombre 1240
1241;Nombre 1241
1242;Nombre 1242
1243;Nombre 1243
1244;Nombre 1244
1245;Nombre 1245
1246;Nombre 1246
1247;Nombre 1247
1248;Nombre 1248
1249;Nombre 1249
1250;Nombre 1250
1251;Nombre 1251
1252;Nombre 1252
1253;Nombre 1253
1254;Nombre 1254
1255;Nombre 1255
1256;Nombre 1256
1257;Nombre 1257
1258;Nombre 1258
1259;Nombre 1259
1260;Nombre 1260
1261;Nombre 1261
1262;Nombre 1262
1263;Nombre 1263
1264;Nombre 1264
1265;Nombre 1265
1266;Nombre 1266
1267;Nombre 1267
1268;Nombre 1268
1269;Nombre 1269
1270;Nombre 1270
1271;Nombre 1271
1272;Nombre 1272
1273;Nombre 1273
1274;Nombre 1274
1275;Nombre 1275
1276;Nombre 1276
1277;Nombre 1277
1278;Nombre 1278
1279;Nombre 1279
1280;Nombre 1280
1281;Nombre 1281
1282;Nombre 1282
1283;Nombre 1283
1284;Nombre 1284
1285;Nombre 1285
1286;Nombre 1286
1287;Nombre 1287
1288;Nombre 1288
1289;Nombre 1289
1290;Nombre 1290
1291;Nombre 1291
1292;Nombre 1292
1293;Nombre 1293
1294;Nombre 1294
1295;Nombre 1295
1296;Nombre 1296
1297;Nombre 1297
1298;Nombre 1298
1299;Nombre 1299
1300;Nombre 1300
1301;Nombre 1301
1302;Nombre 1302
1303;Nombre 1303
1304;Nombre 1304
1305;Nombre 1305
1306;Nombre 1306
1307;Nombre 1307
1308;Nombre 1308
1309;Nombre 1309
1310;Nombre 1310
1311;Nombre 1311
1312;Nombre 1312
1313;Nombre 1313
1314;Nombre 1314
1315;Nombre 1315
1316;Nombre 1316
1317;Nombre 1317
1318;Nombre 1318
1319;Nombre 1319
1320;Nombre 1320
1321;Nombre 1321
1322;Nombre 1322
1323;Nombre 1323
1324;Nombre 1324
1325;Nombre 1325
1326;Nombre 1326
1327;Nombre 1327
1328;Nombre 1328
1329;Nombre 1329
1330;Nombre 1330
1331;Nombre 1331
1332;Nombre 1332
1333;Nombre 1333
1334;Nombre 1334
1335;Nombre 1335
1336;Nombre 1336
1337;Nombre 1337
1338;Nombre 1338
1339;Nombre 1339
1340;Nombre 1340
1341;Nombre 1341
1342;Nombre 1342
1343;Nombre 1343
1344;Nombre 1344
1345;Nombre 1345
1346;Nombre 1346
1347;Nombre 1347
1348;Nombre 1348
1349;Nombre 1349
1350;Nombre 1350
1351;Nombre 1351
1352;Nombre 1352
1353;Nombre 1353
1354;Nombre 1354
1355;Nombre 1355
1356;Nombre 1356
1357;Nombre 1357
1358;Nombre 1358
1359;Nombre 1359
1360;Nombre 1360
1361;Nombre 1361
1362;Nombre 1362
1363;Nombre 1363
1364;Nombre 1364
1365;Nombre 1365
1366;Nombre 1366
1367;Nombre 1367
1368;Nombre 1368
1369;Nombre 1369
1370;Nombre 1370
1371;Nombre 1371
1372;Nombre 1372
1373;Nombre 1373
1374;Nombre 1374
1375;Nombre 1375
1376;Nombre 1376
1377;Nombre 1377
1378;Nombre 1378
1379;Nombre 1379
1380;Nombre 1380
1381;Nombre 1381
1382;Nombre 1382
1383;Nombre 1383
1384;Nombre 1384
1385;Nombre 1385
1386;Nombre 1386
1387;Nombre 1387
1388;Nombre 1388
1389;Nombre 1389
1390;Nombre 1390
1391;Nombre 1391
1392;Nombre 1392
1393;Nombre 1393
1394;Nombre 1394
1395;Nombre 1395
1396;Nombre 1396
1397;Nombre 1397
1398;Nombre 1398
1399;Nombre 1399
1400;Nombre 1400
1401;Nombre 1401
1402;Nombre 1402
1403;Nombre 1403
1404;Nombre 1404
1405;Nombre 1405
1406;Nombre 1406
1407;Nombre 1407
1408;Nombre 1408
1409;Nombre 1409
1410;Nombre 1410
1411;Nombre 1411
1412;Nombre 1412
1413;Nombre 1413
1414;Nombre 1414
1415;Nombre 1415
1416;Nombre 1416
1417;Nombre 1417
1418;Nombre 1418
1419;Nombre 1419
1420;Nombre 1420
1421;Nombre 1421
1422;Nombre 1422
1423;Nombre 1423
1424;Nombre 1424
1425;Nombre 1425
1426;Nombre 1426
1427;Nombre 1427
1428;Nombre 1428
1429;Nombre 1429
1430;Nombre 1430
1431;Nombre 1431
1432;Nombre 1432
1433;Nombre 1433
1434;Nombre 1434
1435;Nombre 1435
1436;Nombre 1436
1437;Nombre 1437
1438;Nombre 1438
1439;Nombre 1439
1440;Nombre 1440
1441;Nombre 1441
1442;Nombre 1442
1443;Nombre 1443
1444;Nombre 1444
1445;Nombre 1445
1446;Nombre 1446
1447;Nombre 1447
1448;Nombre 1448
1449;Nombre 1449
1450;Nombre 1450
1451;Nombre 1451
1452;Nombre 1452
1453;Nombre 1453
1454;Nombre 1454
1455;Nombre 1455
1456;Nombre 1456
1457;Nombre 1457
1458;Nombre 1458
1459;Nombre 1459
1460;Nombre 1460
1461;Nombre 1461
1462;Nombre 1462
1463;Nombre 1463
1464;Nombre 1464
1465;Nombre 1465
1466;Nombre 1466
1467;Nombre 1467
1468;Nombre 1468
1469;Nombre 1469
1470;Nombre 1470
1471;Nombre 1471
1472;Nombre 1472
1473;Nombre 1473
1474;Nombre 1474
1475;Nombre 1475
1476;Nombre 1476
1477;Nombre 1477
1478;Nombre 1478
1479;Nombre 1479
1480;Nombre 1480
1481;Nombre 1481
1482;Nombre 1482
1483;Nombre 1483
1484;Nombre 1484
1485;Nombre 1485
1486;Nombre 1486
1487;Nombre 1487
1488;Nombre 1488
1489;Nombre 1489
1490;Nombre 1490
1491;Nombre 1491
1492;Nombre 1492
1493;Nombre 1493
1494;Nombre 1494
1495;Nombre 1495
1496;Nombre 1496
1497;Nombre 1497
1498;Nombre 1498
1499;Nombre 1499
1500;Nombre 1500
1501;Nombre 1501
1502;Nombre 1502
1503;Nombre 1503
1504;Nombre 1504
1505;Nombre 1505
1506;Nombre 1506
1507;Nombre 1507
1508;Nombre 1508
1509;Nombre 1509
1510;Nombre 1510
1511;Nombre 1511
1512;Nombre 1512
1513;Nombre 1513
1514;Nombre 1514
1515;Nombre 1515
1516;Nombre 1516
1517;Nombre 1517
1518;Nombre 1518
1519;Nombre 1519
1520;Nombre 1520
1521;Nombre 1521
1522;Nombre 1522
1523;Nombre 1523
1524;Nombre 1524
1525;Nombre 1525
1526;Nombre 1526
1527;Nombre 1527
1528;Nombre 1528
1529;Nombre 1529
1530;Nombre 1530
1531;Nombre 1531
1532;Nombre 1532
1533;Nombre 1533
1534;Nombre 1534
1535;Nombre 1535
1536;Nombre 1536
1537;Nombre 1537
1538;Nombre 1538
1539;Nombre 1539
1540;Nombre 1540
1541;Nombre 1541
1542;Nombre 1542
1543;Nombre 1543
1544;Nombre 1544
1545;Nombre 1545
1546;Nombre 1546
1547;Nombre 1547
1548;Nombre 1548
1549;Nombre 1549
1550;Nombre 1550
1551;Nombre 1551
1552;Nombre 1552
1553;Nombre 1553
1554;Nombre 1554
1555;Nombre 1555
1556;Nombre 1556
1557;Nombre 1557
1558;Nombre 1558
1559;Nombre 1559
1560;Nombre 1560
1561;Nombre 1561
1562;Nombre 1562
1563;Nombre 1563
1564;Nombre 1564
1565;Nombre 1565
1566;Nombre 1566
1567;Nombre 1567
1568;Nombre 1568
1569;Nombre 1569
1570;Nombre 1570
1571;Nombre 1571
1572;Nombre 1572
1573;Nombre 1573
1574;Nombre 1574
1575;Nombre 1575
1576;Nombre 1576
1577;Nombre 1577
1578;Nombre 1578
1579;Nombre 1579
1580;Nombre 1580
1581;Nombre 1581
1582;Nombre 1582
1583;Nombre 1583
1584;Nombre 1584
1585;Nombre 1585
1586;Nombre 1586
1587;Nombre 1587
1588;Nombre 1588
1589;Nombre 1589
1590;Nombre 1590
1591;Nombre 1591
1592;Nombre 1592
1593;Nombre 1593
1594;Nombre 1594
1595;Nombre 1595
1596;Nombre 1596
1597;Nombre 1597
1598;Nombre 1598
1599;Nombre 1599
1600;Nombre 1600
1601;Nombre 1601
1602;Nombre 1602
1603;Nombre 1603
1604;Nombre 1604
1605;Nombre 1605
1606;Nombre 1606
1607;Nombre 1607
1608;Nombre 1608
1609;Nombre 1609
1610;Nombre 1610
1611;Nombre 1611
1612;Nombre 1612
1613;Nombre 1613
1614;Nombre 1614
1615;Nombre 1615
1616;Nombre 1616
1617;Nombre 1617
1618;Nombre 1618
1619;Nombre 1619
1620;Nombre 1620
1621;Nombre 1621
1622;Nombre 1622
1623;Nombre 1623
1624;Nombre 1624
1625;Nombre 1625
1626;Nombre 1626
1627;Nombre 1627
1628;Nombre 1628
1629;Nombre 1629
1630;Nombre 1630
1631;Nombre 1631
1632;Nombre 1632
1633;Nombre 1633
1634;Nombre 1634
1635;Nombre 1635
1636;Nombre 1636
1637;Nombre 1637
1638;Nombre 1638
1639;Nombre 1639
1640;Nombre 1640
1641;Nombre 1641
1642;Nombre 1642
1643;Nombre 1643
1644;Nombre 1644
1645;Nombre 1645
1646;Nombre 1646
1647;Nombre 1647
1648;Nombre 1648
1649;Nombre 1649
1650;Nombre 1650
1651;Nombre 1651
1652;Nombre 1652
1653;Nombre 1653
1654;Nombre 1654
1655;Nombre 1655
1656;Nombre 1656
1657;Nombre 1657
1658;Nombre 1658
1659;Nombre 1659
1660;Nombre 1660
1661;Nombre 1661
1662;Nombre 1662
1663;Nombre 1663
1664;Nombre 1664
1665;Nombre 1665
1666;Nombre 1666
1667;Nombre 1667
1668;Nombre 1668
1669;Nombre 1669
1670;Nombre 1670
1671;Nombre 1671
1672;Nombre 1672
1673;Nombre 1673
1674;Nombre 1674
1675;Nombre 1675
1676;Nombre 1676
1677;Nombre 1677
1678;Nombre 1678
1679;Nombre 1679
1680;Nombre 1680
1681;Nombre 1681
1682;Nombre 1682
1683;Nombre 1683
1684;Nombre 1684
1685;Nombre 1685
1686;Nombre 1686
1687;Nombre 1687
1688;Nombre 1688
1689;Nombre 1689
1690;Nombre 1690
1691;Nombre 1691
1692;Nombre 1692
1693;Nombre 1693
1694;Nombre 1694
1695;Nombre 1695
1696;Nombre 1696
1697;Nombre 1697
1698;Nombre 1698
1699;Nombre 1699
1700;Nombre 1700
1701;Nombre 1701
1702;Nombre 1702
1703;Nombre 1703
1704;Nombre 1704
1705;Nombre 1705
1706;Nombre 1706
1707;Nombre 1707
1708;Nombre 1708
1709;Nombre 1709
1710;Nombre 1710
1711;Nombre 1711
1712;Nombre 1712
1713;Nombre 1713
1714;Nombre 1714
1715;Nombre 1715
1716;Nombre 1716
1717;Nombre 1717
1718;Nombre 1718
1719;Nombre 1719
1720;Nombre 1720
1721;Nombre 1721
1722;Nombre 1722
1723;Nombre 1723
1724;Nombre 1724
1725;Nombre 1725
1726;Nombre 1726
1727;Nombre 1727
1728;Nombre 1728
1729;Nombre 1729
1730;Nombre 1730
1731;Nombre 1731
1732;Nombre 1732
1733;Nombre 1733
1734;Nombre 1734
1735;Nombre 1735
1736;Nombre 1736
1737;Nombre 1737
1738;Nombre 1738
1739;Nombre 1739
1740;Nombre 1740
1741;Nombre 1741
1742;Nombre 1742
1743;Nombre 1743
1744;Nombre 1744
1745;Nombre 1745
1746;Nombre 1746
1747;Nombre 1747
1748;Nombre 1748
1749;Nombre 1749
1750;Nombre 1750
1751;Nombre 1751
1752;Nombre 1752
1753;Nombre 1753
1754;Nombre 1754
1755;Nombre 1755
1756;Nombre 1756
1757;Nombre 1757
1758;Nombre 1758
1759;Nombre 1759
1760;Nombre 1760
1761;Nombre 1761
1762;Nombre 1762
1763;Nombre 1763
1764;Nombre 1764
1765;Nombre 1765
1766;Nombre 1766
1767;Nombre 1767
1768;Nombre 1768
1769;Nombre 1769
1770;Nombre 1770
1771;Nombre 1771
1772;Nombre 1772
1773;Nombre 1773
1774;Nombre 1774
1775;Nombre 1775
1776;Nombre 1776
1777;Nombre 1777
1778;Nombre 1778
1779;Nombre 1779
1780;Nombre 1780
1781;Nombre 1781
1782;Nombre 1782
1783;Nombre 1783
1784;Nombre 1784
1785;Nombre 1785
1786;Nombre 1786
1787;Nombre 1787
1788;Nombre 1788
1789;Nombre 1789
1790;Nombre 1790
1791;Nombre 1791
1792;Nombre 1792
1793;Nombre 1793
1794;Nombre 1794
1795;Nombre 1795
1796;Nombre 1796
1797;Nombre 1797
1798;Nombre 1798
1799;Nombre 1799
1800;Nombre 1800
1801;Nombre 1801
1802;Nombre 1802
1803;Nombre 1803
1804;Nombre 1804
1805;Nombre 1805
1806;Nombre 1806
1807;Nombre 1807
1808;Nombre 1808
1809;Nombre 1809
1810;Nombre 1810
1811;Nombre 1811
1812;Nombre 1812
1813;Nombre 1813
1814;Nombre 1814
1815;Nombre 1815
1816;Nombre 1816
1817;Nombre 1817
1818;Nombre 1818
1819;Nombre 1819
1820;Nombre 1820
1821;Nombre 1821
1822;Nombre 1822
1823;Nombre 1823
1824;Nombre 1824
1825;Nombre 1825
1826;Nombre 1826
1827;Nombre 1827
1828;Nombre 1828
1829;Nombre 1829
1830;Nombre 1830
1831;Nombre 1831
1832;Nombre 1832
1833;Nombre 1833
1834;Nombre 1834
1835;Nombre 1835
1836;Nombre 1836
1837;Nombre 1837
1838;Nombre 1838
1839;Nombre 1839
1840;Nombre 1840
1841;Nombre 1841
1842;Nombre 1842
1843;Nombre 1843
1844;Nombre 1844
1845;Nombre 1845
1846;Nombre 1846
1847;Nombre 1847
1848;Nombre 1848
1849;Nombre 1849
1850;Nombre 1850
1851;Nombre 1851
1852;Nombre 1852
1853;Nombre 1853
1854;Nombre 1854
1855;Nombre 1855
1856;Nombre 1856
1857;Nombre 1857
1858;Nombre 1858
1859;Nombre 1859
1860;Nombre 1860
1861;Nombre 1861
1862;Nombre 1862
1863;Nombre 1863
1864;Nombre 1864
1865;Nombre 1865
1866;Nombre 1866
1867;Nombre 1867
1868;Nombre 1868
1869;Nombre 1869
1870;Nombre 1870
1871;Nombre 1871
1872;Nombre 1872
1873;Nombre 1873
1874;Nombre 1874
1875;Nombre 1875
1876;Nombre 1876
1877;Nombre 1877
1878;Nombre 1878
1879;Nombre 1879
1880;Nombre 1880
1881;Nombre 1881
1882;Nombre 1882
1883;Nombre 1883
1884;Nombre 1884
1885;Nombre 1885
1886;Nombre 1886
1887;Nombre 1887
1888;Nombre 1888
1889;Nombre 1889
1890;Nombre 1890
1891;Nombre 1891
1892;Nombre 1892
1893;Nombre 1893
1894;Nombre 1894
1895;Nombre 1895
1896;Nombre 1896
1897;Nombre 1897
1898;Nombre 1898
1899;Nombre 1899
1900;Nombre 1900
1901;Nombre 1901
1902;Nombre 1902
1903;Nombre 1903
1904;Nombre 1904
1905;Nombre 1905
1906;Nombre 1906
1907;Nombre 1907
1908;Nombre 1908
1909;Nombre 1909
1910;Nombre 1910
1911;Nombre 1911
1912;Nombre 1912
1913;Nombre 1913
1914;Nombre 1914
1915;Nombre 1915
1916;Nombre 1916
1917;Nombre 1917
1918;Nombre 1918
1919;Nombre 1919
1920;Nombre 1920
1921;Nombre 1921
1922;Nombre 1922
1923;Nombre 1923
1924;Nombre 1924
1925;Nombre 1925
1926;Nombre 1926
1927;Nombre 1927
1928;Nombre 1928
1929;Nombre 1929
1930;Nombre 1930
1931;Nombre 1931
1932;Nombre 1932
1933;Nombre 1933
1934;Nombre 1934
1935;Nombre 1935
1936;Nombre 1936
1937;Nombre 1937
1938;Nombre 1938
1939;Nombre 1939
1940;Nombre 1940
1941;Nombre 1941
1942;Nombre 1942
1943;Nombre 1943
1944;Nombre 1944
1945;Nombre 1945
1946;Nombre 1946
1947;Nombre 1947
1948;Nombre 1948
1949;Nombre 1949
1950;Nombre 1950
1951;Nombre 1951
1952;Nombre 1952
1953;Nombre 1953
1954;Nombre 1954
1955;Nombre 1955
1956;Nombre 1956
1957;Nombre 1957
1958;Nombre 1958
1959;Nombre 1959
1960;Nombre 1960
1961;Nombre 1961
1962;Nombre 1962
1963;Nombre 1963
1964;Nombre 1964
1965;Nombre 1965
1966;Nombre 1966
1967;Nombre 1967
1968;Nombre 1968
1969;Nombre 1969
1970;Nombre 1970
1971;Nombre 1971
1972;Nombre 1972
1973;Nombre 1973
1974;Nombre 1974
1975;Nombre 1975
1976;Nombre 1976
1977;Nombre 1977
1978;Nombre 1978
1979;Nombre 1979
1980;Nombre 1980
1981;Nombre 1981
1982;Nombre 1982
1983;Nombre 1983
1984;Nombre 1984
1985;Nombre 1985
1986;Nombre 1986
1987;Nombre 1987
1988;Nombre 1988
1989;Nombre 1989
1990;Nombre 1990
1991;Nombre 1991
1992;Nombre 1992
1993;Nombre 1993
1994;Nombre 1994
1995;Nombre 1995
1996;Nombre 1996
1997;Nombre 1997
1998;Nombre 1998
1999;Nombre 1999
2000;Nombre 2000
2001;Nombre 2001
2002;Nombre 2002
2003;Nombre 2003
2004;Nombre 2004
2005;Nombre 2005
2006;Nombre 2006
2007;Nombre 2007
2008;Nombre 2008
2009;Nombre 2009
2010;Nombre 2010
2011;Nombre 2011
2012;Nombre 2012
2013;Nombre 2013
2014;Nombre 2014
2015;Nombre 2015
2016;Nombre 2016
2017;Nombre 2017
2018;Nombre 2018
2019;Nombre 2019
2020;Nombre 2020
2021;Nombre 2021
2022;Nombre 2022
2023;Nombre 2023
2024;Nombre 2024
2025;Nombre 2025
2026;Nombre 2026
2027;Nombre 2027
2028;Nombre 2028
2029;Nombre 2029
2030;Nombre 2030
2031;Nombre 2031
2032;Nombre 2032
2033;Nombre 2033
2034;Nombre 2034
2035;Nombre 2035
2036;Nombre 2036
2037;Nombre 2037
2038;Nombre 2038
2039;Nombre 2039
2040;Nombre 2040
2041;Nombre 2041
2042;Nombre 2042
2043;Nombre 2043
2044;Nombre 2044
2045;Nombre 2045
2046;Nombre 2046
2047;Nombre 2047
2048;Nombre 2048
2049;Nombre 2049
2050;Nombre 2050
2051;Nombre 2051
2052;Nombre 2052
2053;Nombre 2053
2054;Nombre 2054
2055;Nombre 2055
2056;Nombre 2056
2057;Nombre 2057
2058;Nombre 2058
2059;Nombre 2059
2060;Nombre 2060
2061;Nombre 2061
2062;Nombre 2062
2063;Nombre 2063
2064;Nombre 2064
2065;Nombre 2065
2066;Nombre 2066
2067;Nombre 2067
2068;Nombre 2068
2069;Nombre 2069
2070;Nombre 2070
2071;Nombre 2071
2072;Nombre 2072
2073;Nombre 2073
2074;Nombre 2074
2075;Nombre 2075
2076;Nombre 2076
2077;Nombre 2077
2078;Nombre 2078
2079;Nombre 2079
2080;Nombre 2080
2081;Nombre 2081
2082;Nombre 2082
2083;Nombre 2083
2084;Nombre 2084
2085;Nombre 2085
2086;Nombre 2086
2087;Nombre 2087
2088;Nombre 2088
2089;Nombre 2089
2090;Nombre 2090
2091;Nombre 2091
2092;Nombre 2092
2093;Nombre 2093
2094;Nombre 2094
2095;Nombre 2095
2096;Nombre 2096
2097;Nombre 2097
2098;Nombre 2098
2099;Nombre 2099
2100;Nombre 2100
2101;Nombre 2101
2102;Nombre 2102
2103;Nombre 2103
2104;Nombre 2104
2105;Nombre 2105
2106;Nombre 2106
2107;Nombre 2107
2108;Nombre 2108
2109;Nombre 2109
2110;Nombre 2110
2111;Nombre 2111
2112;Nombre 2112
2113;Nombre 2113
2114;Nombre 2114
2115;Nombre 2115
2116;Nombre 2116
2117;Nombre 2117
2118;Nombre 2118
2119;Nombre 2119
2120;Nombre 2120
2121;Nombre 2121
2122;Nombre 2122
2123;Nombre 2123
2124;Nombre 2124
2125;Nombre 2125
2126;Nombre 2126
2127;Nombre 2127
2128;Nombre 2128
2129;Nombre 2129
2130;Nombre 2130
2131;Nombre 2131
2132;Nombre 2132
2133;Nombre 2133
2134;Nombre 2134
2135;Nombre 2135
2136;Nombre 2136
2137;Nombre 2137
2138;Nombre 2138
2139;Nombre 2139
2140;Nombre 2140
2141;Nombre 2141
2142;Nombre 2142
2143;Nombre 2143
2144;Nombre 2144
2145;Nombre 2145
2146;Nombre 2146
2147;Nombre 2147
2148;Nombre 2148
2149;Nombre 2149
2150;Nombre 2150
2151;Nombre 2151
2152;Nombre 2152
2153;Nombre 2153
2154;Nombre 2154
2155;Nombre 2155
2156;Nombre 2156
2157;Nombre 2157
2158;Nombre 2158
2159;Nombre 2159
2160;Nombre 2160
2161;Nombre 2161
2162;Nombre 2162
2163;Nombre 2163
2164;Nombre 2164
2165;Nombre 2165
2166;Nombre 2166
2167;Nombre 2167
2168;Nombre 2168
2169;Nombre 2169
2170;Nombre 2170
2171;Nombre 2171
2172;Nombre 2172
2173;Nombre 2173
2174;Nombre 2174
2175;Nombre 2175
2176;Nombre 2176
2177;Nombre 2177
2178;Nombre 2178
2179;Nombre 2179
2180;Nombre 2180
2181;Nombre 2181
2182;Nombre 2182
2183;Nombre 2183
2184;Nombre 2184
2185;Nombre 2185
2186;Nombre 2186
2187;Nombre 2187
2188;Nombre 2188
2189;Nombre 2189
2190;Nombre 2190
2191;Nombre 2191
2192;Nombre 2192
2193;Nombre 2193
2194;Nombre 2194
2195;Nombre 2195
2196;Nombre 2196
2197;Nombre 2197
2198;Nombre 2198
2199;Nombre 2199
2200;Nombre 2200
2201;Nombre 2201
2202;Nombre 2202
2203;Nombre 2203
2204;Nombre 2204
2205;Nombre 2205
2206;Nombre 2206
2207;Nombre 2207
2208;Nombre 2208
2209;Nombre 2209
2210;Nombre 2210
2211;Nombre 2211
2212;Nombre 2212
2213;Nombre 2213
2214;Nombre 2214
2215;Nombre 2215
2216;Nombre 2216
2217;Nombre 2217
2218;Nombre 2218
2219;Nombre 2219
2220;Nombre 2220
2221;Nombre 2221
2222;Nombre 2222
2223;Nombre 2223
2224;Nombre 2224
2225;Nombre 2225
2226;Nombre 2226
2227;Nombre 2227
2228;Nombre 2228
2229;Nombre 2229
2230;Nombre 2230
2231;Nombre 2231
2232;Nombre 2232
2233;Nombre 2233
2234;Nombre 2234
2235;Nombre 2235
2236;Nombre 2236
2237;Nombre 2237
2238;Nombre 2238
2239;Nombre 2239
2240;Nombre 2240
2241;Nombre 2241
2242;Nombre 2242
2243;Nombre 2243
2244;Nombre 2244
2245;Nombre 2245
2246;Nombre 2246
2247;Nombre 2247
2248;Nombre 2248
2249;Nombre 2249
2250;Nombre 2250
2251;Nombre 2251
2252;Nombre 2252
2253;Nombre 2253
2254;Nombre 2254
2255;Nombre 2255
2256;Nombre 2256
2257;Nombre 2257
2258;Nombre 2258
2259;Nombre 2259
2260;Nombre 2260
2261;Nombre 2261
2262;Nombre 2262
2263;Nombre 2263
2264;Nombre 2264
2265;Nombre 2265
2266;Nombre 2266
2267;Nombre 2267
2268;Nombre 2268
2269;Nombre 2269
2270;Nombre 2270
2271;Nombre 2271
2272;Nombre 2272
2273;Nombre 2273
2274;Nombre 2274
2275;Nombre 2275
2276;Nombre 2276
2277;Nombre 2277
2278;Nombre 2278
2279;Nombre 2279
2280;Nombre 2280
2281;Nombre 2281
2282;Nombre 2282
2283;Nombre 2283
2284;Nombre 2284
2285;Nombre 2285
2286;Nombre 2286
2287;Nombre 2287
2288;Nombre 2288
2289;Nombre 2289
2290;Nombre 2290
2291;Nombre 2291
2292;Nombre 2292
2293;Nombre 2293
2294;Nombre 2294
2295;Nombre 2295
2296;Nombre 2296
2297;Nombre 2297
2298;Nombre 2298
2299;Nombre 2299
2300;Nombre 2300
2301;Nombre 2301
2302;Nombre 2302
2303;Nombre 2303
2304;Nombre 2304
2305;Nombre 2305
2306;Nombre 2306
2307;Nombre 2307
2308;Nombre 2308
2309;Nombre 2309
2310;Nombre 2310
2311;Nombre 2311
2312;Nombre 2312
2313;Nombre 2313
2314;Nombre 2314
2315;Nombre 2315
2316;Nombre 2316
2317;Nombre 2317
2318;Nombre 2318
2319;Nombre 2319
2320;Nombre 2320
2321;Nombre 2321
2322;Nombre 2322
2323;Nombre 2323
2324;Nombre 2324
2325;Nombre 2325
2326;Nombre 2326
2327;Nombre 2327
2328;Nombre 2328
2329;Nombre 2329
2330;Nombre 2330
2331;Nombre 2331
2332;Nombre 2332
2333;Nombre 2333
2334;Nombre 2334
2335;Nombre 2335
2336;Nombre 2336
2337;Nombre 2337
2338;Nombre 2338
2339;Nombre 2339
2340;Nombre 2340
2341;Nombre 2341
2342;Nombre 2342
2343;Nombre 2343
2344;Nombre 2344
2345;Nombre 2345
2346;Nombre 2346
2347;Nombre 2347
2348;Nombre 2348
2349;Nombre 2349
2350;Nombre 2350
2351;Nombre 2351
2352;Nombre 2352
2353;Nombre 2353
2354;Nombre 2354
2355;Nombre 2355
2356;Nombre 2356
2357;Nombre 2357
2358;Nombre 2358
2359;Nombre 2359
2360;Nombre 2360
2361;Nombre 2361
2362;Nombre 2362
2363;Nombre 2363
2364;Nombre 2364
2365;Nombre 2365
2366;Nombre 2366
2367;Nombre 2367
2368;Nombre 2368
2369;Nombre 2369
2370;Nombre 2370
2371;Nombre 2371
2372;Nombre 2372
2373;Nombre 2373
2374;Nombre 2374
2375;Nombre 2375
2376;Nombre 2376
2377;Nombre 2377
2378;Nombre 2378
2379;Nombre 2379
2380;Nombre 2380
2381;Nombre 2381
2382;Nombre 2382
2383;Nombre 2383
2384;Nombre 2384
2385;Nombre 2385
2386;Nombre 2386
2387;Nombre 2387
2388;Nombre 2388
2389;Nombre 2389
2390;Nombre 2390
2391;Nombre 2391
2392;Nombre 2392
2393;Nombre 2393
2394;Nombre 2394
2395;Nombre 2395
2396;Nombre 2396
2397;Nombre 2397
2398;Nombre 2398
2399;Nombre 2399
2400;Nombre 2400
2401;Nombre 2401
2402;Nombre 2402
2403;Nombre 2403
2404;Nombre 2404
2405;Nombre 2405
2406;Nombre 2406
2407;Nombre 2407
2408;Nombre 2408
2409;Nombre 2409
2410;Nombre 2410
2411;Nombre 2411
2412;Nombre 2412
2413;Nombre 2413
2414;Nombre 2414
2415;Nombre 2415
2416;Nombre 2416
2417;Nombre 2417
2418;Nombre 2418
2419;Nombre 2419
2420;Nombre 2420
2421;Nombre 2421
2422;Nombre 2422
2423;Nombre 2423
2424;Nombre 2424
2425;Nombre 2425
2426;Nombre 2426
2427;Nombre 2427
2428;Nombre 2428
2429;Nombre 2429
2430;Nombre 2430
2431;Nombre 2431
2432;Nombre 2432
2433;Nombre 2433
2434;Nombre 2434
2435;Nombre 2435
2436;Nombre 2436
2437;Nombre 2437
2438;Nombre 2438
2439;Nombre 2439
2440;Nombre 2440
2441;Nombre 2441
2442;Nombre 2442
2443;Nombre 2443
2444;Nombre 2444
2445;Nombre 2445
2446;Nombre 2446
2447;Nombre 2447
2448;Nombre 2448
2449;Nombre 2449
2450;Nombre 2450
2451;Nombre 2451
2452;Nombre 2452
2453;Nombre 2453
2454;Nombre 2454
2455;Nombre 2455
2456;Nombre 2456
2457;Nombre 2457
2458;Nombre 2458
2459;Nombre 2459
2460;Nombre 2460
2461;Nombre 2461
2462;Nombre 2462
2463;Nombre 2463
2464;Nombre 2464
2465;Nombre 2465
2466;Nombre 2466
2467;Nombre 2467
2468;Nombre 2468
2469;Nombre 2469
2470;Nombre 2470
2471;Nombre 2471
2472;Nombre 2472
2473;Nombre 2473
2474;Nombre 2474
2475;Nombre 2475
2476;Nombre 2476
2477;Nombre 2477
2478;Nombre 2478
2479;Nombre 2479
2480;Nombre 2480
2481;Nombre 2481
2482;Nombre 2482
2483;Nombre 2483
2484;Nombre 2484
2485;Nombre 2485
2486;Nombre 2486
2487;Nombre 2487
2488;Nombre 2488
2489;Nombre 2489
2490;Nombre 2490
2491;Nombre 2491
2492;Nombre 2492
2493;Nombre 2493
2494;Nombre 2494
2495;Nombre 2495
2496;Nombre 2496
2497;Nombre 2497
2498;Nombre 2498
2499;Nombre 2499
2500;Nombre 2500
2501;Nombre 2501
2502;Nombre 2502
2503;Nombre 2503
2504;Nombre 2504
2505;Nombre 2505
2506;Nombre 2506
2507;Nombre 2507
2508;Nombre 2508
2509;Nombre 2509
2510;Nombre 2510
2511;Nombre 2511
2512;Nombre 2512
2513;Nombre 2513
2514;Nombre 2514
2515;Nombre 2515
2516;Nombre 2516
2517;Nombre 2517
2518;Nombre 2518
2519;Nombre 2519
2520;Nombre 2520
2521;Nombre 2521
2522;Nombre 2522
2523;Nombre 2523
2524;Nombre 2524
2525;Nombre 2525
2526;Nombre 2526
2527;Nombre 2527
2528;Nombre 2528
2529;Nombre 2529
2530;Nombre 2530
2531;Nombre 2531
2532;Nombre 2532
2533;Nombre 2533
2534;Nombre 2534
2535;Nombre 2535
2536;Nombre 2536
2537;Nombre 2537
2538;Nombre 2538
2539;Nombre 2539
2540;Nombre 2540
2541;Nombre 2541
2542;Nombre 2542
2543;Nombre 2543
2544;Nombre 2544
2545;Nombre 2545
2546;Nombre 2546
2547;Nombre 2547
2548;Nombre 2548
2549;Nombre 2549
2550;Nombre 2550
2551;Nombre 2551
2552;Nombre 2552
2553;Nombre 2553
2554;Nombre 2554
2555;Nombre 2555
2556;Nombre 2556
2557;Nombre 2557
2558;Nombre 2558
2559;Nombre 2559
2560;Nombre 2560
2561;Nombre 2561
2562;Nombre 2562
2563;Nombre 2563
2564;Nombre 2564
2565;Nombre 2565
2566;Nombre 2566
2567;Nombre 2567
2568;Nombre 2568
2569;Nombre 2569
2570;Nombre 2570
2571;Nombre 2571
2572;Nombre 2572
2573;Nombre 2573
2574;Nombre 2574
2575;Nombre 2575
2576;Nombre 2576
2577;Nombre 2577
2578;Nombre 2578
2579;Nombre 2579
2580;Nombre 2580
2581;Nombre 2581
2582;Nombre 2582
2583;Nombre 2583
2584;Nombre 2584
2585;Nombre 2585
2586;Nombre 2586
2587;Nombre 2587
2588;Nombre 2588
2589;Nombre 2589
2590;Nombre 2590
2591;Nombre 2591
2592;Nombre 2592
2593;Nombre 2593
2594;Nombre 2594
2595;Nombre 2595
2596;Nombre 2596
2597;Nombre 2597
2598;Nombre 2598
2599;Nombre 2599
2600;Nombre 2600
2601;Nombre 2601
2602;Nombre 2602
2603;Nombre 2603
2604;Nombre 2604
2605;Nombre 2605
2606;Nombre 2606
2607;Nombre 2607
2608;Nombre 2608
2609;Nombre 2609
2610;Nombre 2610
2611;Nombre 2611
2612;Nombre 2612
2613;Nombre 2613
2614;Nombre 2614
2615;Nombre 2615
2616;Nombre 2616
2617;Nombre 2617
2618;Nombre 2618
2619;Nombre 2619
2620;Nombre 2620
2621;Nombre 2621
2622;Nombre 2622
2623;Nombre 2623
2624;Nombre 2624
2625;Nombre 2625
2626;Nombre 2626
2627;Nombre 2627
2628;Nombre 2628
2629;Nombre 2629
2630;Nombre 2630
2631;Nombre 2631
2632;Nombre 2632
2633;Nombre 2633
2634;Nombre 2634
2635;Nombre 2635
2636;Nombre 2636
2637;Nombre 2637
2638;Nombre 2638
2639;Nombre 2639
2640;Nombre 2640
2641;Nombre 2641
2642;Nombre 2642
2643;Nombre 2643
2644;Nombre 2644
2645;Nombre 2645
2646;Nombre 2646
2647;Nombre 2647
2648;Nombre 2648
2649;Nombre 2649
2650;Nombre 2650
2651;Nombre 2651
2652;Nombre 2652
2653;Nombre 2653
2654;Nombre 2654
2655;Nombre 2655
2656;Nombre 2656
2657;Nombre 2657
2658;Nombre 2658
2659;Nombre 2659
2660;Nombre 2660
2661;Nombre 2661
2662;Nombre 2662
2663;Nombre 2663
2664;Nombre 2664
2665;Nombre 2665
2666;Nombre 2666
2667;Nombre 2667
2668;Nombre 2668
2669;Nombre 2669
2670;Nombre 2670
2671;Nombre 2671
2672;Nombre 2672
2673;Nombre 2673
2674;Nombre 2674
2675;Nombre 2675
2676;Nombre 2676
2677;Nombre 2677
2678;Nombre 2678
2679;Nombre 2679
2680;Nombre 2680
2681;Nombre 2681
2682;Nombre 2682
2683;Nombre 2683
2684;Nombre 2684
2685;Nombre 2685
2686;Nombre 2686
2687;Nombre 2687
2688;Nombre 2688
2689;Nombre 2689
2690;Nombre 2690
2691;Nombre 2691
2692;Nombre 2692
2693;Nombre 2693
2694;Nombre 2694
2695;Nombre 2695
2696;Nombre 2696
2697;Nombre 2697
2698;Nombre 2698
2699;Nombre 2699
2700;Nombre 2700
2701;Nombre 2701
2702;Nombre 2702
2703;Nombre 2703
2704;Nombre 2704
2705;Nombre 2705
2706;Nombre 2706
2707;Nombre 2707
2708;Nombre 2708
2709;Nombre 2709
2710;Nombre 2710
2711;Nombre 2711
2712;Nombre 2712
2713;Nombre 2713
2714;Nombre 2714
2715;Nombre 2715
2716;Nombre 2716
2717;Nombre 2717
2718;Nombre 2718
2719;Nombre 2719
2720;Nombre 2720
2721;Nombre 2721
2722;Nombre 2722
2723;Nombre 2723
2724;Nombre 2724
2725;Nombre 2725
2726;Nombre 2726
2727;Nombre 2727
2728;Nombre 2728
2729;Nombre 2729
2730;Nombre 2730
2731;Nombre 2731
2732;Nombre 2732
2733;Nombre 2733
2734;Nombre 2734
2735;Nombre 2735
2736;Nombre 2736
2737;Nombre 2737
2738;Nombre 2738
2739;Nombre 2739
2740;Nombre 2740
2741;Nombre 2741
2742;Nombre 2742
2743;Nombre 2743
2744;Nombre 2744
2745;Nombre 2745
2746;Nombre 2746
2747;Nombre 2747
2748;Nombre 2748
2749;Nombre 2749
2750;Nombre 2750
2751;Nombre 2751
2752;Nombre 2752
2753;Nombre 2753
2754;Nombre 2754
2755;Nombre 2755
2756;Nombre 2756
2757;Nombre 2757
2758;Nombre 2758
2759;Nombre 2759
2760;Nombre 2760
2761;Nombre 2761
2762;Nombre 2762
2763;Nombre 2763
2764;Nombre 2764
2765;Nombre 2765
2766;Nombre 2766
2767;Nombre 2767
2768;Nombre 2768
2769;Nombre 2769
2770;Nombre 2770
2771;Nombre 2771
2772;Nombre 2772
2773;Nombre 2773
2774;Nombre 2774
2775;Nombre 2775
2776;Nombre 2776
2777;Nombre 2777
2778;Nombre 2778
2779;Nombre 2779
2780;Nombre 2780
2781;Nombre 2781
2782;Nombre 2782
2783;Nombre 2783
2784;Nombre 2784
2785;Nombre 2785
2786;Nombre 2786
2787;Nombre 2787
2788;Nombre 2788
2789;Nombre 2789
2790;Nombre 2790
2791;Nombre 2791
2792;Nombre 2792
2793;Nombre 2793
2794;Nombre 2794
2795;Nombre 2795
2796;Nombre 2796
2797;Nombre 2797
2798;Nombre 2798
2799;Nombre 2799
2800;Nombre 2800
2801;Nombre 2801
2802;Nombre 2802
2803;Nombre 2803
2804;Nombre 2804
2805;Nombre 2805
2806;Nombre 2806
2807;Nombre 2807
2808;Nombre 2808
2809;Nombre 2809
2810;Nombre 2810
2811;Nombre 2811
2812;Nombre 2812
2813;Nombre 2813
2814;Nombre 2814
2815;Nombre 2815
2816;Nombre 2816
2817;Nombre 2817
2818;Nombre 2818
2819;Nombre 2819
2820;Nombre 2820
2821;Nombre 2821
2822;Nombre 2822
2823;Nombre 2823
2824;Nombre 2824
2825;Nombre 2825
2826;Nombre 2826
2827;Nombre 2827
2828;Nombre 2828
2829;Nombre 2829
2830;Nombre 2830
2831;Nombre 2831
2832;Nombre 2832
2833;Nombre 2833
2834;Nombre 2834
2835;Nombre 2835
2836;Nombre 2836
2837;Nombre 2837
2838;Nombre 2838
2839;Nombre 2839
2840;Nombre 2840
2841;Nombre 2841
2842;Nombre 2842
2843;Nombre 2843
2844;Nombre 2844
2845;Nombre 2845
2846;Nombre 2846
2847;Nombre 2847
2848;Nombre 2848
2849;Nombre 2849
2850;Nombre 2850
2851;Nombre 2851
2852;Nombre 2852
2853;Nombre 2853
2854;Nombre 2854
2855;Nombre 2855
2856;Nombre 2856
2857;Nombre 2857
2858;Nombre 2858
2859;Nombre 2859
2860;Nombre 2860
2861;Nombre 2861
2862;Nombre 2862
2863;Nombre 2863
2864;Nombre 2864
2865;Nombre 2865
2866;Nombre 2866
2867;Nombre 2867
2868;Nombre 2868
2869;Nombre 2869
2870;Nombre 2870
2871;Nombre 2871
2872;Nombre 2872
2873;Nombre 2873
2874;Nombre 2874
2875;Nombre 2875
2876;Nombre 2876
2877;Nombre 2877
2878;Nombre 2878
2879;Nombre 2879
2880;Nombre 2880
2881;Nombre 2881
2882;Nombre 2882
2883;Nombre 2883
2884;Nombre 2884
2885;Nombre 2885
2886;Nombre 2886
2887;Nombre 2887
2888;Nombre 2888
2889;Nombre 2889
2890;Nombre 2890
2891;Nombre 2891
2892;Nombre 2892
2893;Nombre 2893
2894;Nombre 2894
2895;Nombre 2895
2896;Nombre 2896
2897;Nombre 2897
2898;Nombre 2898
2899;Nombre 2899
2900;Nombre 2900
2901;Nombre 2901
2902;Nombre 2902
2903;Nombre 2903
2904;Nombre 2904
2905;Nombre 2905
2906;Nombre 2906
2907;Nombre 2907
2908;Nombre 2908
2909;Nombre 2909
2910;Nombre 2910
2911;Nombre 2911
2912;Nombre 2912
2913;Nombre 2913
2914;Nombre 2914
2915;Nombre 2915
2916;Nombre 2916
2917;Nombre 2917
2918;Nombre 2918
2919;Nombre 2919
2920;Nombre 2920
2921;Nombre 2921
2922;Nombre 2922
2923;Nombre 2923
2924;Nombre 2924
2925;Nombre 2925
2926;Nombre 2926
2927;Nombre 2927
2928;Nombre 2928
2929;Nombre 2929
2930;Nombre 2930
2931;Nombre 2931
2932;Nombre 2932
2933;Nombre 2933
2934;Nombre 2934
2935;Nombre 2935
2936;Nombre 2936
2937;Nombre 2937
2938;Nombre 2938
2939;Nombre 2939
2940;Nombre 2940
2941;Nombre 2941
2942;Nombre 2942
2943;Nombre 2943
2944;Nombre 2944
2945;Nombre 2945
2946;Nombre 2946
2947;Nombre 2947
2948;Nombre 2948
2949;Nombre 2949
2950;Nombre 2950
2951;Nombre 2951
2952;Nombre 2952
2953;Nombre 2953
2954;Nombre 2954
2955;Nombre 2955
2956;Nombre 2956
2957;Nombre 2957
2958;Nombre 2958
2959;Nombre 2959
2960;Nombre 2960
2961;Nombre 2961
2962;Nombre 2962
2963;Nombre 2963
2964;Nombre 2964
2965;Nombre 2965
2966;Nombre 2966
2967;Nombre 2967
2968;Nombre 2968
2969;Nombre 2969
2970;Nombre 2970
2971;Nombre 2971
2972;Nombre 2972
2973;Nombre 2973
2974;Nombre 2974
2975;Nombre 2975
2976;Nombre 2976
2977;Nombre 2977
2978;Nombre 2978
2979;Nombre 2979
2980;Nombre 2980
2981;Nombre 2981
2982;Nombre 2982
2983;Nombre 2983
2984;Nombre 2984
2985;Nombre 2985
2986;Nombre 2986
2987;Nombre 2987
2988;Nombre 2988
2989;Nombre 2989
2990;Nombre 2990
2991;Nombre 2991
2992;Nombre 2992
2993;Nombre 2993
2994;Nombre 2994
2995;Nombre 2995
2996;Nombre 2996
2997;Nombre 2997
2998;Nombre 2998
2999;Nombre 2999
3000;Nombre 3000
3001;Nombre 3001
3002;Nombre 3002
3003;Nombre 3003
3004;Nombre 3004
3005;Nombre 3005
3006;Nombre 3006
3007;Nombre 3007
3008;Nombre 3008
3009;Nombre 3009
3010;Nombre 3010
3011;Nombre 3011
3012;Nombre 3012
3013;Nombre 3013
3014;Nombre 3014
3015;Nombre 3015
3016;Nombre 3016
3017;Nombre 3017
3018;Nombre 3018
3019;Nombre 3019
3020;Nombre 3020
3021;Nombre 3021
3022;Nombre 3022
3023;Nombre 3023
3024;Nombre 3024
3025;Nombre 3025
3026;Nombre 3026
3027;Nombre 3027
3028;Nombre 3028
3029;Nombre 3029
3030;Nombre 3030
3031;Nombre 3031
3032;Nombre 3032
3033;Nombre 3033
3034;Nombre 3034
3035;Nombre 3035
3036;Nombre 3036
3037;Nombre 3037
3038;Nombre 3038
3039;Nombre 3039
3040;Nombre 3040
3041;Nombre 3041
3042;Nombre 3042
3043;Nombre 3043
3044;Nombre 3044
3045;Nombre 3045
3046;Nombre 3046
3047;Nombre 3047
3048;Nombre 3048
3049;Nombre 3049
3050;Nombre 3050
3051;Nombre 3051
3052;Nombre 3052
3053;Nombre 3053
3054;Nombre 3054
3055;Nombre 3055
3056;Nombre 3056
3057;Nombre 3057
3058;Nombre 3058
3059;Nombre 3059
3060;Nombre 3060
3061;Nombre 3061
3062;Nombre 3062
3063;Nombre 3063
3064;Nombre 3064
3065;Nombre 3065
3066;Nombre 3066
3067;Nombre 3067
3068;Nombre 3068
3069;Nombre 3069
3070;Nombre 3070
3071;Nombre 3071
3072;Nombre 3072
3073;Nombre 3073
3074;Nombre 3074
3075;Nombre 3075
3076;Nombre 3076
3077;Nombre 3077
3078;Nombre 3078
3079;Nombre 3079
3080;Nombre 3080
3081;Nombre 3081
3082;Nombre 3082
3083;Nombre 3083
3084;Nombre 3084
3085;Nombre 3085
3086;Nombre 3086
3087;Nombre 3087
3088;Nombre 3088
3089;Nombre 3089
3090;Nombre 3090
3091;Nombre 3091
3092;Nombre 3092
3093;Nombre 3093
3094;Nombre 3094
3095;Nombre 3095
3096;Nombre 3096
3097;Nombre 3097
3098;Nombre 3098
3099;Nombre 3099
3100;Nombre 3100
3101;Nombre 3101
3102;Nombre 3102
3103;Nombre 3103
3104;Nombre 3104
3105;Nombre 3105
3106;Nombre 3106
3107;Nombre 3107
3108;Nombre 3108
3109;Nombre 3109
3110;Nombre 3110
3111;Nombre 3111
3112;Nombre 3112
3113;Nombre 3113
3114;Nombre 3114
3115;Nombre 3115
3116;Nombre 3116
3117;Nombre 3117
3118;Nombre 3118
3119;Nombre 3119
3120;Nombre 3120
3121;Nombre 3121
3122;Nombre 3122
3123;Nombre 3123
3124;Nombre 3124
3125;Nombre 3125
3126;Nombre 3126
3127;Nombre 3127
3128;Nombre 3128
3129;Nombre 3129
3130;Nombre 3130
3131;Nombre 3131
3132;Nombre 3132
3133;Nombre 3133
3134;Nombre 3134
3135;Nombre 3135
3136;Nombre 3136
3137;Nombre 3137
3138;Nombre 3138
3139;Nombre 3139
3140;Nombre 3140
3141;Nombre 3141
3142;Nombre 3142
3143;Nombre 3143
3144;Nombre 3144
3145;Nombre 3145
3146;Nombre 3146
3147;Nombre 3147
3148;Nombre 3148
3149;Nombre 3149
3150;Nombre 3150
3151;Nombre 3151
3152;Nombre 3152
3153;Nombre 3153
3154;Nombre 3154
3155;Nombre 3155
3156;Nombre 3156
3157;Nombre 3157
3158;Nombre 3158
3159;Nombre 3159
3160;Nombre 3160
3161;Nombre 3161
3162;Nombre 3162
3163;Nombre 3163
3164;Nombre 3164
3165;Nombre 3165
3166;Nombre 3166
3167;Nombre 3167
3168;Nombre 3168
3169;Nombre 3169
3170;Nombre 3170
3171;Nombre 3171
3172;Nombre 3172
3173;Nombre 3173
3174;Nombre 3174
3175;Nombre 3175
3176;Nombre 3176
3177;Nombre 3177
3178;Nombre 3178
3179;Nombre 3179
3180;Nombre 3180
3181;Nombre 3181
3182;Nombre 3182
3183;Nombre 3183
3184;Nombre 3184
3185;Nombre 3185
3186;Nombre 3186
3187;Nombre 3187
3188;Nombre 3188
3189;Nombre 3189
3190;Nombre 3190
3191;Nombre 3191
3192;Nombre 3192
3193;Nombre 3193
3194;Nombre 3194
3195;Nombre 3195
3196;Nombre 3196
3197;Nombre 3197
3198;Nombre 3198
3199;Nombre 3199
3200;Nombre 3200
3201;Nombre 3201
3202;Nombre 3202
3203;Nombre 3203
3204;Nombre 3204
3205;Nombre 3205
3206;Nombre 3206
3207;Nombre 3207
3208;Nombre 3208
3209;Nombre 3209
3210;Nombre 3210
3211;Nombre 3211
3212;Nombre 3212
3213;Nombre 3213
3214;Nombre 3214
3215;Nombre 3215
3216;Nombre 3216
3217;Nombre 3217
3218;Nombre 3218
3219;Nombre 3219
3220;Nombre 3220
3221;Nombre 3221
3222;Nombre 3222
3223;Nombre 3223
3224;Nombre 3224
3225;Nombre 3225
3226;Nombre 3226
3227;Nombre 3227
3228;Nombre 3228
3229;Nombre 3229
3230;Nombre 3230
3231;Nombre 3231
3232;Nombre 3232
3233;Nombre 3233
3234;Nombre 3234
3235;Nombre 3235
3236;Nombre 3236
3237;Nombre 3237
3238;Nombre 3238
3239;Nombre 3239
3240;Nombre 3240
3241;Nombre 3241
3242;Nombre 3242
3243;Nombre 3243
3244;Nombre 3244
3245;Nombre 3245
3246;Nombre 3246
3247;Nombre 3247
3248;Nombre 3248
3249;Nombre 3249
3250;Nombre 3250
3251;Nombre 3251
3252;Nombre 3252
3253;Nombre 3253
3254;Nombre 3254
3255;Nombre 3255
3256;Nombre 3256
3257;Nombre 3257
3258;Nombre 3258
3259;Nombre 3259
3260;Nombre 3260
3261;Nombre 3261
3262;Nombre 3262
3263;Nombre 3263
3264;Nombre 3264
3265;Nombre 3265
3266;Nombre 3266
3267;Nombre 3267
3268;Nombre 3268
3269;Nombre 3269
3270;Nombre 3270
3271;Nombre 3271
3272;Nombre 3272
3273;Nombre 3273
3274;Nombre 3274
3275;Nombre 3275
3276;Nombre 3276
3277;Nombre 3277
3278;Nombre 3278
3279;Nombre 3279
3280;Nombre 3280
3281;Nombre 3281
3282;Nombre 3282
3283;Nombre 3283
3284;Nombre 3284
3285;Nombre 3285
3286;Nombre 3286
3287;Nombre 3287
3288;Nombre 3288
3289;Nombre 3289
3290;Nombre 3290
3291;Nombre 3291
3292;Nombre 3292
3293;Nombre 3293
3294;Nombre 3294
3295;Nombre 3295
